mean_predicted,observed,n,decile
2.810071476296163,2.9811860658003875,7234,1
2.8740292373928273,2.9625518385402265,7234,2
2.9034913817036125,2.9618000829531317,7233,3
2.926119706859436,2.951976776333978,7234,4
2.9465008399286816,2.95595797622339,7234,5
2.9661530468715402,2.9460942900594493,7233,6
2.986893520026962,2.9678048106165327,7234,7
3.011000348772397,2.9606249135904883,7233,8
3.044055790376492,2.951492949958529,7234,9
3.121964040598818,2.9519629527232514,7234,10
