feature,gain_importance
adi_staternk,1.3369001150131226
adi_natrank,1.3265262842178345
adi_quintile,0.7352795004844666
