ADI_quintile,predicted,observed,n
1,2.968584097675889,2.9688264643565034,14631
2,2.95852216667021,2.9586501702926253,14387
3,2.963504798938866,2.9639278977153634,14313
4,2.951758236572066,2.9513917739925217,14442
5,2.9527362997274547,2.952897555616589,14564
